<?xml version="1.0" encoding="UTF-8"?><rdf:RDF
	xmlns="http://purl.org/rss/1.0/"
	xmlns:rdf="http://www.w3.org/1999/02/22-rdf-syntax-ns#"
	xmlns:dc="http://purl.org/dc/elements/1.1/"
	xmlns:sy="http://purl.org/rss/1.0/modules/syndication/"
	xmlns:admin="http://webns.net/mvcb/"
	xmlns:content="http://purl.org/rss/1.0/modules/content/"
	>
<channel rdf:about="/">
	<title>idlestartuptycoongame</title>
	<link>/</link>
	<description></description>
	<dc:date>2025-01-07T08:29:19Z	</dc:date>
	<sy:updatePeriod>
	hourly	</sy:updatePeriod>
	<sy:updateFrequency>
	1	</sy:updateFrequency>
	<sy:updateBase>2000-01-01T12:00+00:00</sy:updateBase>
	<admin:generatorAgent rdf:resource="https://wordpress.org/?v=6.6.2" />
	<items>
		<rdf:Seq>
					<rdf:li rdf:resource="/fun/getaway-shootout"/>
				</rdf:Seq>
	</items>
</channel>
<item rdf:about="/fun/getaway-shootout">
	<title>Getaway Shootout</title>
	<link>/fun/getaway-shootout</link>

	<dc:creator><![CDATA[admin-pl]]></dc:creator>
	<dc:date>2023-12-30T21:36:08Z</dc:date>
			<dc:subject><![CDATA[Idle Games]]></dc:subject>

			<description><![CDATA[]]></description>
		<content:encoded><![CDATA[]]></content:encoded>
	
	</item>
</rdf:RDF>
